<project xmlns="http://maven.apache.org/POM/4.0.0" xmlns:xsi="http://www.w3.org/2001/XMLSchema-instance" xsi:schemaLocation="http://maven.apache.org/POM/4.0.0 http://maven.apache.org/xsd/maven-4.0.0.xsd">
  <modelVersion>4.0.0</modelVersion>
  <groupId>digital_bdd_cucumber</groupId>
  <artifactId>digital_bdd_cucumber</artifactId>
  <version>0.0.1-SNAPSHOT</version>
  <properties>
		<project.build.sourceEncoding>UTF-8</project.build.sourceEncoding>
		<project.reporting.outputEncoding>UTF-8</project.reporting.outputEncoding>
        <maven.failsafe.plugin.version>3.0.0-M3</maven.failsafe.plugin.version>
        <maven.build.helper.plugin.version>3.0.0</maven.build.helper.plugin.version>
        <cucumber.version>4.2.6</cucumber.version>
        <maven.compiler.plugin.version>3.7.0</maven.compiler.plugin.version>
		<featuresFolder>src</featuresFolder>
		<tag>@temp</tag>
		<forkCount>5</forkCount>
		<Browser>abc</Browser>	
		<DB>bdd</DB>	
		<surefire.rerunFailingTestsCount>3</surefire.rerunFailingTestsCount>
		<generated.runner.directory>${project.build.directory}/parallel/runners</generated.runner.directory>
        <generated.feature.directory>${project.build.directory}/parallel/features</generated.feature.directory>
	</properties>
	<dependencies>
		<dependency>
			<groupId>org.seleniumhq.selenium</groupId>
			<artifactId>selenium-java</artifactId>
			<version>3.141.59</version>
		</dependency>
		<dependency>
		    <groupId>org.mariadb.jdbc</groupId>
		    <artifactId>mariadb-java-client</artifactId>
		    <version>2.4.0</version>
		</dependency>	
		<dependency>
			<groupId>junit</groupId>
			<artifactId>junit</artifactId>
			<version>4.12</version>
			<scope>test</scope>
		</dependency>
		<dependency>
			<groupId>info.cukes</groupId>
			<artifactId>cucumber-java</artifactId>
			<version>1.2.5</version>
			<scope>test</scope>
		</dependency>
		<dependency>
			<groupId>info.cukes</groupId>
			<artifactId>cucumber-junit</artifactId>
			<version>1.2.5</version>
			<scope>test</scope>
		</dependency>
		<dependency>
			<groupId>net.masterthought</groupId>
			<artifactId>cucumber-reporting</artifactId>
			<version>3.10.0</version>
		</dependency>
		<dependency>
			<groupId>commons-lang</groupId>
			<artifactId>commons-lang</artifactId>
			<version>2.4</version>
		</dependency>
		<dependency>
			<groupId>commons-logging</groupId>
			<artifactId>commons-logging</artifactId>
			<version>1.1.2</version>
		</dependency>
		<dependency>
			<groupId>org.jasypt</groupId>
			<artifactId>jasypt</artifactId>
			<version>1.9.2</version>
		</dependency>
		<dependency>
			<groupId>commons-io</groupId>
			<artifactId>commons-io</artifactId>
			<version>2.4</version>
		</dependency>
		<dependency>
			<groupId>commons-configuration</groupId>
			<artifactId>commons-configuration</artifactId>
			<version>1.10</version>
		</dependency>
		<dependency>
		    <groupId>com.trivago.rta</groupId>
		    <artifactId>cluecumber-report-plugin</artifactId>
		    <version>1.9.0</version>
		</dependency>		
	</dependencies>
	<profiles>
		<profile>
			<id>QA2</id>
			<properties>
				<build.profile.id>QA2</build.profile.id>
			</properties>
		</profile>		
	</profiles>
	<build>
		<plugins>
			<plugin>
                <groupId>com.trivago.rta</groupId>
                <artifactId>cucable-plugin</artifactId>
                <version>1.5.1</version>
                <executions>
                    <execution>
                        <id>generate-test-resources</id>
                        <phase>generate-test-resources</phase>
                        <goals>
                            <goal>parallel</goal>
                        </goals>
                    </execution>
                </executions>
                <configuration>
                    <sourceRunnerTemplateFile>src/test/java/stepdefs/com/cvshealth/digital/template/CucableJavaTemplate.java
                    </sourceRunnerTemplateFile>
                    <sourceFeatures>src/test/java/features</sourceFeatures>
                    <generatedFeatureDirectory>${generated.feature.directory}</generatedFeatureDirectory>
                    <generatedRunnerDirectory>${generated.runner.directory}</generatedRunnerDirectory>
                    <includeScenarioTags>${tag}</includeScenarioTags>                    
                    <systemPropertyVariables>						
						<Browser>${Browser}</Browser>	
						<forkCount>${forkCount}</forkCount>
						<DB>${DB}</DB>					
					</systemPropertyVariables>
                </configuration>
            </plugin>		
			<plugin>
                <groupId>org.apache.maven.plugins</groupId>
                <artifactId>maven-compiler-plugin</artifactId>
                <version>${maven.compiler.plugin.version}</version>
                <configuration>
                    <source>8</source>
                    <target>8</target>
                </configuration>
            </plugin>
			<plugin>
                <groupId>org.apache.maven.plugins</groupId>
                <artifactId>maven-failsafe-plugin</artifactId>
                <version>${maven.failsafe.plugin.version}</version>
                <executions>
                    <execution>
                        <id>Run parallel tests</id>
                        <phase>integration-test</phase>
                        <goals>
                            <goal>integration-test</goal>
                        </goals>
                    </execution>
                </executions>
                <configuration>
                    <forkCount>${forkCount}</forkCount>
                    <argLine>-Djava.library.path=${basedir}/src/main/resources/x86
						-Xmx1024m</argLine>
                    <testFailureIgnore>true</testFailureIgnore>
                </configuration>
            </plugin>
            <plugin>
                <groupId>org.codehaus.mojo</groupId>
                <artifactId>build-helper-maven-plugin</artifactId>
                <version>${maven.build.helper.plugin.version}</version>
                <executions>
                    <execution>
                        <id>add-test-source</id>
                        <phase>generate-test-sources</phase>
                        <goals>
                            <goal>add-test-source</goal>
                        </goals>
                        <configuration>
                            <sources>
                                <source>${generated.runner.directory}</source>
                            </sources>
                        </configuration>
                    </execution>
                </executions>
            </plugin>
			<plugin>
				<groupId>org.codehaus.mojo</groupId>
				<artifactId>exec-maven-plugin</artifactId>
				<version>1.6.0</version>
				<executions>
					<execution>
						<phase>post-integration-test</phase>
						<goals>
							<goal>java</goal>
						</goals>
					</execution>
				</executions>
				<configuration>
					<testFailureIgnore>true</testFailureIgnore>
					<mainClass>main.java.ReportGenerator</mainClass>
				</configuration>
			</plugin>			
			<plugin>
			    <groupId>com.trivago.rta</groupId>
			    <artifactId>cluecumber-report-plugin</artifactId>
			    <version>1.8.1</version>
			    <executions>
			        <execution>
			            <id>report</id>
			            <phase>post-integration-test</phase>
			            <goals>
			                <goal>reporting</goal>
			            </goals>
			        </execution>
			    </executions>
			    <configuration>
			        <sourceJsonReportDirectory>${project.build.directory}/cucumber-parallel</sourceJsonReportDirectory>
			        <generatedHtmlReportDirectory>${project.build.directory}/generated-report</generatedHtmlReportDirectory>
			    </configuration>    
			</plugin>			
		</plugins>
		<pluginManagement>
			<plugins>
				<!--This plugin's configuration is used to store Eclipse m2e settings 
					only. It has no influence on the Maven build itself. -->
				<plugin>
					<groupId>org.eclipse.m2e</groupId>
					<artifactId>lifecycle-mapping</artifactId>
					<version>1.0.0</version>
					<configuration>
						<lifecycleMappingMetadata>
							<pluginExecutions>
								<pluginExecution>
									<pluginExecutionFilter>
										<groupId>
											com.trivago.rta
										</groupId>
										<artifactId>
											cucable-plugin
										</artifactId>
										<versionRange>[0.0.1-SNAPSHOT,)</versionRange>
										<goals>
											<goal>parallel</goal>
										</goals>
									</pluginExecutionFilter>
									<action>
										<ignore></ignore>
									</action>
								</pluginExecution>
							</pluginExecutions>
						</lifecycleMappingMetadata>
					</configuration>
				</plugin>
			</plugins>
		</pluginManagement>
		<resources>
			<resource>
				<directory>src/test/resources</directory>
				<filtering>true</filtering>
			</resource>
			<resource>
				<directory>src/test/resources/profiles/${build.profile.id}</directory>
				<filtering>true</filtering>
			</resource>
		</resources>
	</build>
</project>